	数据	实验机器	完成状态	recall@5	recall@10	recall@20	mrr@5	mrr@10	mrr@20	ndcg@5	ndcg@10	ndcg@20	hit@5	hit@10	hit@20	precision@5	precision@10	precision@20	Recall_new@5	Recall_new@10	Recall_new@20	Recall_few@5	Recall_few@10	Recall_few@20	Recall_frequent@5	Recall_frequent@10	Recall_frequent@20	NDCG_new@5	NDCG_new@10	NDCG_new@20	NDCG_few@5	NDCG_few@10	NDCG_few@20	NDCG_frequent@5	NDCG_frequent@10	NDCG_frequent@20	MRR_new@5	MRR_new@10	MRR_new@20	MRR_few@5	MRR_few@10	MRR_few@20	MRR_frequent@5	MRR_frequent@10	MRR_frequent@20	Hit_new@5	Hit_new@10	Hit_new@20	Hit_few@5	Hit_few@10	Hit_few@20	Hit_frequent@5	Hit_frequent@10	Hit_frequent@20	Coverage_new@5	Coverage_few@5	Coverage_frequent@5	Coverage_new@10	Coverage_few@10	Coverage_frequent@10	Coverage_new@20	Coverage_few@20	Coverage_frequent@20	recall@5	recall@10	recall@20	mrr@5	mrr@10	mrr@20	ndcg@5	ndcg@10	ndcg@20	hit@5	hit@10	hit@20	precision@5	precision@10	precision@20	Recall_new@5	Recall_new@10	Recall_new@20	Recall_few@5	Recall_few@10	Recall_few@20	Recall_frequent@5	Recall_frequent@10	Recall_frequent@20	NDCG_new@5	NDCG_new@10	NDCG_new@20	NDCG_few@5	NDCG_few@10	NDCG_few@20	NDCG_frequent@5	NDCG_frequent@10	NDCG_frequent@20	MRR_new@5	MRR_new@10	MRR_new@20	MRR_few@5	MRR_few@10	MRR_few@20	MRR_frequent@5	MRR_frequent@10	MRR_frequent@20	Hit_new@5	Hit_new@10	Hit_new@20	Hit_few@5	Hit_few@10	Hit_few@20	Hit_frequent@5	Hit_frequent@10	Hit_frequent@20	Coverage_new@5	Coverage_few@5	Coverage_frequent@5	Coverage_new@10	Coverage_few@10	Coverage_frequent@10	Coverage_new@20	Coverage_few@20	Coverage_frequent@20	
																																																																																																																												
																																																																																																																												
two_phase_run_multiview_v2_stratified_no_cross_and_senet.sh				0.0451	0.0602	0.0781	0.0283	0.0303	0.0316	0.0325	0.0374	0.0419	0.0451	0.0602	0.0781	0.009	0.006	0.0039	0.0164	0.0201	0.0239	0.0295	0.0383	0.049	0.0768	0.1036	0.1353	0.0112	0.0124	0.0133	0.0223	0.0251	0.0279	0.055	0.0637	0.0716	0.0095	0.01	0.0102	0.0199	0.0211	0.0219	0.0479	0.0514	0.0536	0.0164	0.0201	0.0239	0.0295	0.0383	0.049	0.0768	0.1036	0.1353	0.1562	0.1462	0.6976	0.1414	0.1459	0.7127	0.1252	0.1483	0.7265																																																													
two_phase_run_multiview_v2_stratified_no_senet.sh				0.0465	0.0609	0.0775	0.0308	0.0327	0.0339	0.0347	0.0393	0.0435	0.0465	0.0609	0.0775	0.0093	0.0061	0.0039	0.0146	0.0178	0.0208	0.0302	0.0375	0.0457	0.0799	0.1061	0.1365	0.011	0.012	0.0128	0.0237	0.026	0.0281	0.0592	0.0676	0.0753	0.0098	0.0102	0.0104	0.0215	0.0225	0.023	0.0523	0.0558	0.0579	0.0146	0.0178	0.0208	0.0302	0.0375	0.0457	0.0799	0.1061	0.1365	0.1513	0.1637	0.685	0.138	0.1606	0.7014	0.124	0.1638	0.7122																																																													
two_phase_run_multiview_v2_toys_stratified_7b_nosenet_nocross.sh				0.0526	0.07	0.0884	0.0336	0.036	0.0372	0.0383	0.044	0.0486	0.0526	0.07	0.0884	0.0105	0.007	0.0044	0.018	0.023	0.0284	0.0415	0.0557	0.0704	0.0926	0.1234	0.1561	0.0132	0.0148	0.0162	0.0308	0.0354	0.0391	0.0672	0.0772	0.0854	0.0116	0.0123	0.0127	0.0273	0.0291	0.0301	0.0588	0.063	0.0652	0.018	0.023	0.0284	0.0415	0.0557	0.0704	0.0926	0.1234	0.1561	0.2115	0.1993	0.5892	0.1986	0.2	0.6013	0.1861	0.2029	0.611																																																													
two_phase_run_multiview_v2_toys_stratified_7b_nosenet.sh				0.0522	0.0671	0.0839	0.0348	0.0368	0.0379	0.0391	0.0439	0.0482	0.0522	0.0671	0.0839	0.0104	0.0067	0.0042	0.0171	0.0203	0.0243	0.0397	0.0507	0.0648	0.093	0.1204	0.1503	0.0131	0.0141	0.0151	0.0304	0.034	0.0375	0.0692	0.0781	0.0856	0.0117	0.0121	0.0124	0.0273	0.0288	0.0298	0.0614	0.065	0.0671	0.0171	0.0203	0.0243	0.0397	0.0507	0.0648	0.093	0.1204	0.1503	0.2334	0.1925	0.5741	0.2193	0.1963	0.5845	0.2095	0.2012	0.5893																																																													
GPU_ID=0 nohup bash experiments/exp_sensitivity_infer_20.sh > sensitivity_infer_20.log 2>&1 &				0.0534	0.069	0.0868	0.0353	0.0374	0.0386	0.0398	0.0448	0.0493	0.0534	0.069	0.0868	0.0107	0.0069	0.0043	0.0171	0.0199	0.0237	0.0387	0.0511	0.0662	0.0963	0.1248	0.1565	0.0126	0.0135	0.0145	0.03	0.034	0.0378	0.0712	0.0804	0.0884	0.0111	0.0115	0.0117	0.0272	0.0288	0.0299	0.0629	0.0667	0.0689	0.0171	0.0199	0.0237	0.0387	0.0511	0.0662	0.0963	0.1248	0.1565	0.1943	0.1925	0.6132	0.1819	0.1956	0.6224	0.1756	0.1994	0.625																																																													
GPU_ID=1 nohup bash experiments/exp_sensitivity_infer_25.sh > sensitivity_infer_25.log 2>&1 &				0.0522	0.0671	0.0839	0.0349	0.0369	0.0381	0.0392	0.044	0.0483	0.0522	0.0671	0.0839	0.0104	0.0067	0.0042	0.0172	0.0203	0.0239	0.0391	0.051	0.0638	0.0933	0.1202	0.151	0.013	0.014	0.0149	0.0302	0.034	0.0372	0.0696	0.0783	0.0861	0.0115	0.012	0.0122	0.0272	0.0288	0.0297	0.0618	0.0654	0.0676	0.0172	0.0203	0.0239	0.0391	0.051	0.0638	0.0933	0.1202	0.151	0.2239	0.1937	0.5824	0.2122	0.1951	0.5928	0.2035	0.1988	0.5977																																																													
GPU_ID=1 nohup bash beauty_train/two_phase_run_multiview_v2_stratified_no_whiten.sh > logs/beauty_mv_no_whiten.log 2>&1 &				0.0452	0.0582	0.0743	0.0303	0.032	0.0331	0.034	0.0382	0.0422	0.0452	0.0582	0.0743	0.009	0.0058	0.0037	0.0144	0.0177	0.0203	0.0297	0.036	0.0435	0.0775	0.1011	0.131	0.0109	0.012	0.0126	0.0232	0.0252	0.0271	0.0578	0.0654	0.073	0.0097	0.0102	0.0104	0.021	0.0218	0.0224	0.0513	0.0545	0.0565	0.0144	0.0177	0.0203	0.0297	0.036	0.0435	0.0775	0.1011	0.131	0.1667	0.1586	0.6747	0.1458	0.1614	0.6928	0.1308	0.163	0.7062																																																													
GPU_ID=0 nohup bash beauty_train/two_phase_run_tfidf_llm_stratified_no_whiten.sh > logs/beauty_tfidf_llm_no_whiten.log 2>&1 & 				0.0445	0.0574	0.0736	0.03	0.0317	0.0328	0.0336	0.0377	0.0418	0.0445	0.0574	0.0736	0.0089	0.0057	0.0037	0.0149	0.0167	0.0185	0.0271	0.0335	0.0405	0.077	0.1008	0.1314	0.0116	0.0121	0.0126	0.0212	0.0233	0.0251	0.0576	0.0653	0.073	0.0104	0.0107	0.0108	0.0193	0.0202	0.0206	0.0513	0.0544	0.0565	0.0149	0.0167	0.0185	0.0271	0.0335	0.0405	0.077	0.1008	0.1314	0.1975	0.1268	0.6756	0.1697	0.1265	0.7037	0.146	0.1267	0.7274																																																													
GPU_ID=2 nohup bash toy_train/two_phase_run_tfidf_llm_toys_stratified_no_whiten.sh > logs/toys_tfidf_llm_no_whiten.log 2>&1 &				0.0525	0.0659	0.0817	0.0356	0.0374	0.0385	0.0398	0.0441	0.0481	0.0525	0.0659	0.0817	0.0105	0.0066	0.0041	0.0172	0.0193	0.0217	0.0386	0.048	0.0586	0.0942	0.1195	0.1494	0.0135	0.0142	0.0147	0.0298	0.0328	0.0355	0.0711	0.0792	0.0868	0.0122	0.0125	0.0127	0.0269	0.0282	0.0289	0.0634	0.0668	0.0689	0.0172	0.0193	0.0217	0.0386	0.048	0.0586	0.0942	0.1195	0.1494	0.2561	0.1669	0.577	0.2337	0.1668	0.5995	0.2165	0.1676	0.6159																																																													
GPU_ID=3 nohup bash toy_train/two_phase_run_multiview_v2_toys_stratified_7b_no_whiten.sh > logs/toys_mv_no_whiten.log 2>&1 & 				0.0531	0.0676	0.0845	0.0358	0.0377	0.0389	0.0401	0.0448	0.049	0.0531	0.0676	0.0845	0.0106	0.0068	0.0042	0.0171	0.0196	0.0226	0.0387	0.0502	0.0631	0.0956	0.1221	0.1532	0.0132	0.014	0.0147	0.0302	0.0338	0.0371	0.0716	0.0802	0.088	0.0118	0.0122	0.0124	0.0273	0.0288	0.0297	0.0637	0.0672	0.0694	0.0171	0.0196	0.0226	0.0387	0.0502	0.0631	0.0956	0.1221	0.1532	0.2154	0.1862	0.5984	0.2017	0.1858	0.6125	0.1912	0.1886	0.6202																																																													
# 层级修复实验 (高优先级)																																																																																																																												
GPU_ID=2 nohup bash experiments/exp_tfidf_toys_with_boost.sh > tfidf_toys_boost.log 2>&1 &				0.0535	0.0673	0.0834	0.0361	0.038	0.0391	0.0405	0.0449	0.049	0.0535	0.0673	0.0834	0.0107	0.0067	0.0042	0.017	0.0199	0.023	0.041	0.0508	0.0627	0.0955	0.121	0.1508	0.0129	0.0138	0.0146	0.0314	0.0346	0.0376	0.0719	0.0802	0.0877	0.0114	0.0119	0.0121	0.0283	0.0295	0.0304	0.0642	0.0676	0.0696	0.017	0.0199	0.023	0.041	0.0508	0.0627	0.0955	0.121	0.1508	0.2559	0.1873	0.5568	0.2368	0.1878	0.5755	0.2202	0.1905	0.5893																																																													
GPU_ID=3 nohup bash experiments/exp_tfidf_llm_toys_with_boost.sh > tfidf_llm_toys_boost.log 2>&1 &				0.0528	0.0675	0.0836	0.0355	0.0374	0.0385	0.0398	0.0445	0.0486	0.0528	0.0675	0.0836	0.0106	0.0068	0.0042	0.0175	0.021	0.0248	0.0394	0.0503	0.0626	0.0944	0.1213	0.1506	0.0132	0.0144	0.0153	0.0301	0.0336	0.0368	0.0709	0.0796	0.0869	0.0118	0.0123	0.0125	0.0271	0.0285	0.0294	0.0631	0.0667	0.0687	0.0175	0.021	0.0248	0.0394	0.0503	0.0626	0.0944	0.1213	0.1506	0.2492	0.1855	0.5653	0.2345	0.1874	0.5781	0.223	0.191	0.5861																																																													
GPU_ID=4 nohup bash experiments/exp_tfidf_beauty_with_boost.sh > tfidf_beauty_boost.log 2>&1 &				0.0454	0.0586	0.0751	0.0304	0.0322	0.0333	0.0341	0.0384	0.0425	0.0454	0.0586	0.0751	0.0091	0.0059	0.0038	0.0152	0.0176	0.0197	0.0279	0.0343	0.0422	0.0786	0.1028	0.1334	0.0111	0.0119	0.0124	0.0219	0.0239	0.0259	0.0587	0.0665	0.0743	0.0097	0.0101	0.0102	0.0199	0.0207	0.0213	0.0522	0.0554	0.0575	0.0152	0.0176	0.0197	0.0279	0.0343	0.0422	0.0786	0.1028	0.1334	0.151	0.1337	0.7154	0.1285	0.1337	0.7378	0.1115	0.1359	0.7525																																																													
GPU_ID=5 nohup bash experiments/exp_tfidf_llm_beauty_with_boost.sh > tfidf_llm_beauty_boost.log 2>&1 &				0.046	0.0601	0.0771	0.0304	0.0323	0.0335	0.0343	0.0388	0.0431	0.046	0.0601	0.0771	0.0092	0.006	0.0039	0.0148	0.0174	0.02	0.0278	0.0354	0.0436	0.08	0.1056	0.1368	0.0111	0.0119	0.0126	0.0216	0.024	0.0261	0.0592	0.0675	0.0753	0.0098	0.0102	0.0104	0.0196	0.0205	0.0211	0.0524	0.0558	0.0579	0.0148	0.0174	0.02	0.0278	0.0354	0.0436	0.08	0.1056	0.1368	0.1248	0.1334	0.7418	0.1073	0.1345	0.7582	0.0942	0.1367	0.7691																																																													
GPU_ID=7 nohup bash experiments/exp_ablation_toys_nowhiten_standard.sh > nowhiten_standard.log 2>&1 &				0.0527	0.0671	0.0835	0.0356	0.0375	0.0386	0.0398	0.0445	0.0486	0.0527	0.0671	0.0835	0.0105	0.0067	0.0042	0.0171	0.0202	0.0235	0.0404	0.0509	0.0637	0.0937	0.1204	0.1501	0.0132	0.0142	0.015	0.031	0.0344	0.0376	0.0705	0.0791	0.0866	0.0118	0.0123	0.0125	0.0279	0.0293	0.0302	0.0629	0.0664	0.0684	0.0171	0.0202	0.0235	0.0404	0.0509	0.0637	0.0937	0.1204	0.1501	0.2459	0.1975	0.5566	0.2292	0.1998	0.571	0.2157	0.2042	0.5802																																																													
# IPW 覆盖toy mv7b 复跑实验																																																																																																																												
GPU_ID=6 nohup bash toy_train/two_phase_run_multiview_v2_toys_stratified_7b_nosenet.sh > two_phase_run_multiview_v2_toys_stratified_7b_nosenet.log 2>&1 &				0.0522	0.0671	0.0839	0.0348	0.0368	0.0379	0.0391	0.0439	0.0482	0.0522	0.0671	0.0839	0.0104	0.0067	0.0042	0.0171	0.0203	0.0243	0.0397	0.0507	0.0648	0.093	0.1204	0.1503	0.0131	0.0141	0.0151	0.0304	0.034	0.0375	0.0692	0.0781	0.0856	0.0117	0.0121	0.0124	0.0273	0.0288	0.0298	0.0614	0.065	0.0671	0.0171	0.0203	0.0243	0.0397	0.0507	0.0648	0.093	0.1204	0.1503	0.2334	0.1925	0.5741	0.2193	0.1963	0.5845	0.2095	0.2012	0.5893																																																													
																																																																																																																												
# 复跑 standard 实验																																																																																																																												
GPU_ID=0 nohup bash two_phase_run_multiview_v2_toys_stratified_7b.sh > mv_toys_7b_standard.log 2>&1 &			done	0.0522	0.0673	0.0836	0.0349	0.0369	0.0381	0.0392	0.0441	0.0482	0.0522	0.0673	0.0836	0.0104	0.0067	0.0042	0.0171	0.0199	0.0243	0.0393	0.0515	0.0631	0.0934	0.1207	0.1504	0.0127	0.0136	0.0147	0.0301	0.0341	0.037	0.0699	0.0787	0.0862	0.0112	0.0116	0.0119	0.0271	0.0287	0.0295	0.0621	0.0657	0.0678	0.0171	0.0199	0.0243	0.0393	0.0515	0.0631	0.0934	0.1207	0.1504	0.2327	0.1921	0.5752	0.2206	0.194	0.5854	0.2127	0.1976	0.5897																																																													
GPU_ID=0 nohup bash two_phase_run_tfidf_toys_stratified.sh > tfidf_toys_standard.log 2>&1 & 			done	0.0536	0.0678	0.0839	0.0364	0.0383	0.0394	0.0407	0.0453	0.0493	0.0536	0.0678	0.0839	0.0107	0.0068	0.0042	0.0172	0.0196	0.0231	0.0396	0.0503	0.062	0.0963	0.1226	0.1522	0.0132	0.014	0.0149	0.0309	0.0343	0.0373	0.0726	0.0811	0.0886	0.0119	0.0123	0.0125	0.028	0.0294	0.0302	0.0648	0.0683	0.0703	0.0172	0.0196	0.0231	0.0396	0.0503	0.062	0.0963	0.1226	0.1522	0.2362	0.1817	0.5821	0.2155	0.1835	0.601	0.2008	0.1844	0.6148																																																													
GPU_ID=0 nohup bash two_phase_run_tfidf_llm_toys_stratified.sh > tfidf_llm_toys_standard.log 2>&1 &			done	0.0538	0.0685	0.0853	0.0358	0.0378	0.0389	0.0403	0.045	0.0493	0.0538	0.0685	0.0853	0.0108	0.0069	0.0043	0.0172	0.0202	0.0241	0.0395	0.0499	0.0629	0.0967	0.1242	0.1546	0.0127	0.0137	0.0146	0.0302	0.0336	0.0369	0.0722	0.0811	0.0887	0.0112	0.0116	0.0118	0.0272	0.0286	0.0295	0.0641	0.0677	0.0698	0.0172	0.0202	0.0241	0.0395	0.0499	0.0629	0.0967	0.1242	0.1546	0.2185	0.1803	0.6011	0.2054	0.1806	0.614	0.1961	0.1829	0.621																																																													
GPU_ID=1 nohup bash two_phase_run_multiview_v2_stratified.sh > mv_beauty_7b_standard.log 2>&1 &			done	0.0459	0.0609	0.0782	0.0305	0.0325	0.0337	0.0343	0.0392	0.0435	0.0459	0.0609	0.0782	0.0092	0.0061	0.0039	0.0162	0.0184	0.0212	0.0297	0.038	0.0467	0.0784	0.1056	0.1374	0.0118	0.0125	0.0132	0.0232	0.0258	0.028	0.0583	0.0671	0.0751	0.0103	0.0106	0.0108	0.021	0.0221	0.0227	0.0517	0.0553	0.0575	0.0162	0.0184	0.0212	0.0297	0.038	0.0467	0.0784	0.1056	0.1374	0.1649	0.1501	0.6849	0.1474	0.1504	0.7022	0.1324	0.1536	0.714																																																													
GPU_ID=2 nohup bash two_phase_run_tfidf_stratified.sh > tfidf_beauty_standard.log 2>&1 &			done	0.0451	0.0585	0.0746	0.0305	0.0323	0.0334	0.0341	0.0384	0.0425	0.0451	0.0585	0.0746	0.009	0.0058	0.0037	0.0146	0.0165	0.0184	0.0273	0.0338	0.0408	0.0784	0.1031	0.1335	0.0114	0.012	0.0125	0.0217	0.0238	0.0256	0.0587	0.0666	0.0743	0.0103	0.0106	0.0107	0.0198	0.0207	0.0212	0.0522	0.0554	0.0575	0.0146	0.0165	0.0184	0.0273	0.0338	0.0408	0.0784	0.1031	0.1335	0.1453	0.1323	0.7223	0.1229	0.131	0.7461	0.1055	0.1332	0.7613																																																													
GPU_ID=3 nohup bash two_phase_run_tfidf_llm_stratified.sh > tfidf_llm_beauty_standard.log 2>&1 &			done	0.0454	0.06	0.0772	0.0302	0.0322	0.0334	0.034	0.0387	0.043	0.0454	0.06	0.0772	0.0091	0.006	0.0039	0.0141	0.0173	0.0196	0.027	0.034	0.0428	0.0793	0.1059	0.1376	0.0106	0.0116	0.0122	0.0212	0.0235	0.0257	0.0589	0.0675	0.0754	0.0094	0.0098	0.01	0.0193	0.0202	0.0209	0.0522	0.0557	0.0579	0.0141	0.0173	0.0196	0.027	0.034	0.0428	0.0793	0.1059	0.1376	0.1139	0.1233	0.7628	0.0961	0.1225	0.7814	0.0827	0.1234	0.7939																																																													
																																																																																																																												
ablation																																																																																																																											
multi-view + 7b	beauty		done	0.0455	0.0605	0.0784	0.0294	0.0314	0.0326	0.0334	0.0382	0.0427	0.0455	0.0605	0.0784	0.0091	0.006	0.0039	0.0176	0.0209	0.024	0.0299	0.0385	0.048	0.077	0.1037	0.1364	0.0123	0.0133	0.0141	0.0228	0.0256	0.028	0.0563	0.0649	0.0732	0.0105	0.0109	0.0111	0.0205	0.0216	0.0223	0.0495	0.053	0.0553	0.0176	0.0209	0.024	0.0299	0.0385	0.048	0.077	0.1037	0.1364	0.189	0.147	0.664	0.1711	0.1447	0.6841	0.1515	0.1443	0.7042																																																												
multi-view + 7b + nosenet 	beauty		done	0.0456	0.0611	0.0794	0.029	0.0311	0.0324	0.0331	0.0382	0.0428	0.0456	0.0611	0.0794	0.0091	0.0061	0.004	0.0176	0.0216	0.0254	0.03	0.0393	0.0494	0.0771	0.1046	0.1374	0.0124	0.0137	0.0146	0.0227	0.0257	0.0282	0.0558	0.0647	0.0729	0.0107	0.0112	0.0115	0.0203	0.0215	0.0222	0.0488	0.0524	0.0547	0.0176	0.0216	0.0254	0.03	0.0393	0.0494	0.0771	0.1046	0.1374	0.2	0.1548	0.6452	0.1825	0.1542	0.6632	0.1631	0.1545	0.6823	0.22%	0.99%	1.28%	-1.36%	-0.96%	-0.61%	-0.90%	0.00%	0.23%	0.22%	0.99%	1.28%	0.00%	1.67%	2.56%	0.00%	3.35%	5.83%	0.33%	2.08%	2.92%	0.13%	0.87%	0.73%	0.81%	3.01%	3.55%	-0.44%	0.39%	0.71%	-0.89%	-0.31%	-0.41%	1.90%	2.75%	3.60%	-0.98%	-0.46%	-0.45%	-1.41%	-1.13%	-1.08%	0.00%	3.35%	5.83%	0.33%	2.08%	2.92%	0.13%	0.87%	0.73%	5.82%	5.31%	-2.83%	6.66%	6.57%	-3.06%	7.66%	7.07%	-3.11%
multi-view + 7b + nocross	beauty		done	0.0471	0.0656	0.0863	0.025	0.0274	0.0288	0.0305	0.0364	0.0416	0.0471	0.0656	0.0863	0.0094	0.0066	0.0043	0.0173	0.024	0.0287	0.0315	0.0431	0.0565	0.0797	0.1115	0.1476	0.0103	0.0125	0.0137	0.0203	0.024	0.0273	0.0519	0.0622	0.0713	0.0079	0.0089	0.0092	0.0165	0.018	0.019	0.0428	0.047	0.0495	0.0173	0.024	0.0287	0.0315	0.0431	0.0565	0.0797	0.1115	0.1476	0.195	0.1496	0.6538	0.1812	0.143	0.6744	0.1622	0.1414	0.6951	3.52%	8.43%	10.08%	-14.97%	-12.74%	-11.66%	-8.68%	-4.71%	-2.58%	3.52%	8.43%	10.08%	3.30%	10.00%	10.26%	-1.70%	14.83%	19.58%	5.35%	11.95%	17.71%	3.51%	7.52%	8.21%	-16.26%	-6.02%	-2.84%	-10.96%	-6.25%	-2.50%	-7.82%	-4.16%	-2.60%	-24.76%	-18.35%	-17.12%	-19.51%	-16.67%	-14.80%	-13.54%	-11.32%	-10.49%	-1.70%	14.83%	19.58%	5.35%	11.95%	17.71%	3.51%	7.52%	8.21%	3.17%	1.77%	-1.54%	5.90%	-1.17%	-1.42%	7.06%	-2.01%	-1.29%
multi-view + 7b + nosenet + nocross	beauty		done	0.0472	0.0657	0.0861	0.0248	0.0273	0.0287	0.0304	0.0363	0.0415	0.0472	0.0657	0.0861	0.0094	0.0066	0.0043	0.0172	0.0242	0.0287	0.0315	0.043	0.0565	0.0799	0.1116	0.1474	0.0103	0.0126	0.0137	0.0203	0.024	0.0274	0.0517	0.0619	0.0709	0.008	0.009	0.0093	0.0166	0.0181	0.0191	0.0424	0.0466	0.049	0.0172	0.0242	0.0287	0.0315	0.043	0.0565	0.0799	0.1116	0.1474	0.1939	0.149	0.6555	0.1797	0.1424	0.6765	0.161	0.1406	0.6972	3.74%	8.60%	9.82%	-15.65%	-13.06%	-11.96%	-8.98%	-4.97%	-2.81%	3.74%	8.60%	9.82%	3.30%	10.00%	10.26%	-2.27%	15.79%	19.58%	5.35%	11.69%	17.71%	3.77%	7.62%	8.06%	-16.26%	-5.26%	-2.84%	-10.96%	-6.25%	-2.14%	-8.17%	-4.62%	-3.14%	-23.81%	-17.43%	-16.22%	-19.02%	-16.20%	-14.35%	-14.34%	-12.08%	-11.39%	-2.27%	15.79%	19.58%	5.35%	11.69%	17.71%	3.77%	7.62%	8.06%	2.59%	1.36%	-1.28%	5.03%	-1.59%	-1.11%	6.27%	-2.56%	-0.99%																																																																																																																												
																																																																																																																												
# 复跑 aggressive实验																																																																																																																												
GPU_ID=4 nohup bash experiments/exp_multiview_toys_aggressive.sh > mv_toys_7b_aggressive_v2.log 2>&1 &			done	0.0532	0.0688	0.0873	0.0352	0.0372	0.0385	0.0396	0.0447	0.0493	0.0532	0.0688	0.0873	0.0106	0.0069	0.0044	0.0168	0.0202	0.0242	0.0397	0.0515	0.0671	0.0955	0.1239	0.1569	0.0128	0.0139	0.0149	0.0302	0.034	0.038	0.0707	0.0798	0.0882	0.0115	0.012	0.0122	0.0271	0.0287	0.0297	0.0625	0.0662	0.0685	0.0168	0.0202	0.0242	0.0397	0.0515	0.0671	0.0955	0.1239	0.1569	0.1975	0.1919	0.6106	0.1857	0.1941	0.6202	0.1786	0.1982	0.6232																																																													
GPU_ID=5 nohup bash experiments/exp_tfidf_toys_with_boost.sh > tfidf_toys_aggressive_v2.log 2>&1 &			done	0.0536	0.068	0.0845	0.0364	0.0383	0.0394	0.0407	0.0453	0.0495	0.0536	0.068	0.0845	0.0107	0.0068	0.0042	0.0175	0.0201	0.0233	0.0402	0.0515	0.0637	0.0959	0.1222	0.1525	0.0136	0.0144	0.0152	0.0312	0.0349	0.038	0.0722	0.0807	0.0884	0.0123	0.0126	0.0129	0.0283	0.0298	0.0306	0.0644	0.0679	0.07	0.0175	0.0201	0.0233	0.0402	0.0515	0.0637	0.0959	0.1222	0.1525	0.2403	0.1833	0.5765	0.2212	0.1851	0.5937	0.2062	0.1882	0.6056																																																													
GPU_ID=6 nohup bash experiments/exp_tfidf_llm_toys_with_boost.sh > tfidf_llm_toys_aggressive_v2.log 2>&1 &			done	0.0533	0.0681	0.0843	0.0356	0.0376	0.0387	0.04	0.0448	0.0489	0.0533	0.0681	0.0843	0.0107	0.0068	0.0042	0.0177	0.0205	0.0254	0.0398	0.0511	0.0634	0.0952	0.1224	0.1515	0.0134	0.0143	0.0155	0.0305	0.0341	0.0372	0.0712	0.08	0.0873	0.0119	0.0123	0.0126	0.0274	0.0289	0.0297	0.0633	0.0669	0.0689	0.0177	0.0205	0.0254	0.0398	0.0511	0.0634	0.0952	0.1224	0.1515	0.2564	0.183	0.5606	0.2405	0.185	0.5745	0.2278	0.1888	0.5834																																																													
GPU_ID=7 nohup bash experiments/exp_multiview_beauty_aggressive.sh > mv_beauty_7b_aggressive_v2.log 2>&1 &			done	0.0463	0.0618	0.0798	0.0305	0.0326	0.0338	0.0344	0.0394	0.044	0.0463	0.0618	0.0798	0.0093	0.0062	0.004	0.014	0.0175	0.0199	0.0285	0.0364	0.0461	0.0805	0.1085	0.1416	0.0107	0.0118	0.0124	0.0222	0.0248	0.0272	0.0593	0.0683	0.0767	0.0096	0.01	0.0102	0.0202	0.0212	0.0219	0.0523	0.056	0.0583	0.014	0.0175	0.0199	0.0285	0.0364	0.0461	0.0805	0.1085	0.1416	0.0998	0.1457	0.7545	0.088	0.144	0.768	0.0799	0.1469	0.7731																																																													
GPU_ID=5 nohup bash experiments/exp_tfidf_beauty_with_boost.sh > tfidf_beauty_aggressive_v2.log 2>&1 &			done	0.0454	0.0586	0.0751	0.0304	0.0322	0.0333	0.0341	0.0384	0.0425	0.0454	0.0586	0.0751	0.0091	0.0059	0.0038	0.0152	0.0176	0.0197	0.0279	0.0343	0.0422	0.0786	0.1028	0.1334	0.0111	0.0119	0.0124	0.0219	0.0239	0.0259	0.0587	0.0665	0.0743	0.0097	0.0101	0.0102	0.0199	0.0207	0.0213	0.0522	0.0554	0.0575	0.0152	0.0176	0.0197	0.0279	0.0343	0.0422	0.0786	0.1028	0.1334	0.151	0.1337	0.7154	0.1285	0.1337	0.7378	0.1115	0.1359	0.7525																																																													
GPU_ID=6 nohup bash experiments/exp_tfidf_llm_beauty_with_boost.sh > tfidf_llm_beauty_aggressive_v2.log 2>&1 &			done	0.046	0.0601	0.0771	0.0304	0.0323	0.0335	0.0343	0.0388	0.0431	0.046	0.0601	0.0771	0.0092	0.006	0.0039	0.0148	0.0174	0.02	0.0278	0.0354	0.0436	0.08	0.1056	0.1368	0.0111	0.0119	0.0126	0.0216	0.024	0.0261	0.0592	0.0675	0.0753	0.0098	0.0102	0.0104	0.0196	0.0205	0.0211	0.0524	0.0558	0.0579	0.0148	0.0174	0.02	0.0278	0.0354	0.0436	0.08	0.1056	0.1368	0.1248	0.1334	0.7418	0.1073	0.1345	0.7582	0.0942	0.1367	0.7691																																																													
# no-cross Aggressive																																																																																																																												
GPU_ID=3 nohup bash experiments/exp_ablation_toys_nocross_aggressive.sh > ablation_toys_nocross_agg.log 2>&1 &			done	0.0522	0.0686	0.0868	0.0337	0.0359	0.0372	0.0383	0.0436	0.0482	0.0522	0.0686	0.0868	0.0104	0.0069	0.0043	0.0177	0.0218	0.027	0.0411	0.0538	0.0686	0.092	0.1217	0.1539	0.0131	0.0144	0.0157	0.0307	0.0348	0.0385	0.0672	0.0768	0.0849	0.0116	0.0121	0.0125	0.0273	0.0289	0.0299	0.059	0.063	0.0652	0.0177	0.0218	0.027	0.0411	0.0538	0.0686	0.092	0.1217	0.1539	0.2084	0.1958	0.5958	0.195	0.1962	0.6088	0.1819	0.1985	0.6196																																																													
two_phase_run_tfidf_llm_toys_stratified_nosenet.log			done	0.0548	0.0699	0.0874	0.0363	0.0383	0.0395	0.0409	0.0458	0.0502	0.0548	0.0699	0.0874	0.011	0.007	0.0044	0.0183	0.0216	0.0263	0.0414	0.0522	0.0668	0.0977	0.1256	0.1565	0.0138	0.0148	0.016	0.0316	0.0351	0.0388	0.0725	0.0815	0.0893	0.0123	0.0127	0.013	0.0284	0.0298	0.0308	0.0642	0.0679	0.07	0.0183	0.0216	0.0263	0.0414	0.0522	0.0668	0.0977	0.1256	0.1565	0.2294	0.1822	0.5884	0.2153	0.1841	0.6007	0.2046	0.1884	0.607																																																													
GPU_ID=0 nohup bash experiments/exp_ablation_beauty_nocross.sh > ablation_beauty_nocross.log 2>&1 &			done	0.045	0.0603	0.0787	0.0282	0.0302	0.0315	0.0324	0.0373	0.0419	0.045	0.0603	0.0787	0.009	0.006	0.0039	0.0172	0.0205	0.0242	0.0294	0.0389	0.0502	0.0764	0.1034	0.1359	0.0118	0.0129	0.0138	0.022	0.0251	0.0279	0.0547	0.0634	0.0716	0.01	0.0104	0.0107	0.0196	0.0208	0.0216	0.0475	0.0511	0.0533	0.0172	0.0205	0.0242	0.0294	0.0389	0.0502	0.0764	0.1034	0.1359	0.163	0.1457	0.6913	0.1474	0.1464	0.7062	0.1309	0.1485	0.7205																																																													
GPU_ID=2 nohup bash experiments/exp_ablation_no_cold_reweight_toys.sh > ablation_no_cold_reweight.log 2>&1 &			done	0.0524	0.0671	0.0848	0.0349	0.0369	0.0381	0.0392	0.044	0.0485	0.0524	0.0671	0.0848	0.0105	0.0067	0.0042	0.0171	0.0201	0.0241	0.0393	0.0506	0.0653	0.0936	0.1205	0.1521	0.0132	0.0141	0.0151	0.0301	0.0338	0.0375	0.0697	0.0784	0.0863	0.0119	0.0122	0.0125	0.0271	0.0286	0.0296	0.0618	0.0654	0.0676	0.0171	0.0201	0.0241	0.0393	0.0506	0.0653	0.0936	0.1205	0.1521	0.2202	0.1999	0.5799	0.2112	0.1978	0.591	0.2028	0.2002	0.597																																																													
GPU_ID=5 nohup bash toy_train/two_phase_run_multiview_v2_toys_stratified_7b_center_only.sh > two_phase_run_multiview_v2_toys_stratified_7b_center_only.log 2>&1 & RUNNING			done	0.0532	0.0683	0.0857	0.0351	0.0371	0.0383	0.0396	0.0445	0.0489	0.0532	0.0683	0.0857	0.0106	0.0068	0.0043	0.0168	0.0199	0.0235	0.0394	0.0512	0.0642	0.0957	0.1231	0.155	0.0126	0.0136	0.0145	0.0298	0.0336	0.0369	0.071	0.0798	0.0879	0.0111	0.0116	0.0118	0.0266	0.0282	0.0291	0.0628	0.0665	0.0687	0.0168	0.0199	0.0235	0.0394	0.0512	0.0642	0.0957	0.1231	0.155	0.1968	0.1906	0.6126	0.183	0.193	0.624	0.1737	0.1975	0.6289																																																													